.dockerignore	458	5124e639b9ad74425cde43763624b7db6cc400055db405b47dd8f06b0a2dfa94
Dockerfile.api	1440	c3345d4b9d72f62c50df9cb6cfc69b1e311d290d56325be4031b0d798a1001d4
Dockerfile.web	852	b664c9808607042fcc362b352dd4099fa51b5ca772db3a4e43c4f1277b4e5a38
apps/api/eslint.config.js	682	657e43136c00b1be81429ea44cde23573372a87ab719dbc59d43c60a796721cd
apps/api/package.json	1254	86bd16d6228bdc3066aa58fc91361543238bf3e57b4a326f04556d7eb545e2e4
apps/api/prisma/migrations/20260611161000_add_price_books/migration.sql	1033	b0e4de679d9bdbb987ec5709b58588c5e9157ceb11a1d4f7b692880b4d3a0326
apps/api/prisma/migrations/20260611193000_add_warehouse_and_markup/migration.sql	3061	97f9460319b953cc30ac7fead14eca387921fdcbd11a09af016b187b0573626c
apps/api/prisma/migrations/20260612123000_order_lifecycle_statuses/migration.sql	549	39c92800c5d41f226e842b0fdc2bc64b50de8296f0aea6dd1951ee2642f6b693
apps/api/prisma/migrations/20260612123100_order_lifecycle_data_backfill/migration.sql	413	2241f266d42e62dfb6a0bbfa23790d5c4aaefaf619850c1404184ff163974f99
apps/api/prisma/migrations/20260612134000_add_warehouse_package_remark/migration.sql	57	31565d3861e31cba3d3774b0608d1fd2f95d972a8df9be4c508574fb682d24a5
apps/api/prisma/migrations/20260612142000_add_customer_salesperson/migration.sql	127	49ba3c638560c6df704ad1c8d75905a28d32d88de1b248f60d1dcb2ea12fd987
apps/api/prisma/migrations/20260615184500_warehouse_inbound_label_and_split/migration.sql	384	c5af9bacdb516fe2ebf2aaa8ad09772254592cd343f01327cd2bda8fb558b9df
apps/api/prisma/migrations/20260617174800_add_shipment_finance_items/migration.sql	1032	2bf7f473b40e25e2f5ff41dcfe2640b4285bd6943df23ba332a62a4c937936e4
apps/api/prisma/migrations/20260617193000_add_receivable_audit_fields/migration.sql	566	847a77e903075dd2931041f0275c8cc3c476f958bf3ba355618e3b744739b58c
apps/api/prisma/migrations/20260618123000_add_receivable_payment_defaults/migration.sql	130	6474941ed80d283ce5c7956f3e8e0c5e9a53e2bf0a57404843ce9a7de5120068
apps/api/prisma/migrations/20260622093000_add_finance_catalog_item/migration.sql	1223	c7ef7088a77ada148ac183ec357a3bd2c4ea31093f03983d842475baaba872d7
apps/api/prisma/migrations/20260622110000_add_user_profile_and_initial_password/migration.sql	332	bfb52e72e5d482bda450531b9c245c829d5ae6c21b659dae2a0d87c3d82bf987
apps/api/prisma/migrations/20260624124500_add_query_performance_indexes/migration.sql	2332	4f76f77e934896a173eaba314f75f338f1eb446db572683e70b41986c4c5c2b3
apps/api/prisma/migrations/20260624193000_add_shipment_draft_warehouse_packages/migration.sql	118	00b61d6690ba770603e92fd75d61f57769cb2503b89806bf658ee90eb7523762
apps/api/prisma/migrations/20260625103000_add_shipment_review_workbench/migration.sql	1108	6cd7289dc61fda8ab8c411eb6dad2035079164255a39b73d56f175f6414a014b
apps/api/prisma/migrations/20260625143000_add_order_entry_fields/migration.sql	163	c0367d3124d3594c348d43d814a70b82fdcea9e888bc44e6d93651e1c3f1c479
apps/api/prisma/migrations/20260625172000_add_shipment_finance_amount_override/migration.sql	96	0b715342fa3afbd6a3dc71d3d9af39641c507c083075223aec8fc587bcb4e575
apps/api/prisma/migrations/20260625193000_add_business_cost_permissions/migration.sql	1514	16127b6726fe1f518a68cef50cd8ed5af6042aedfcb7089cc7c2c8cf927f5c26
apps/api/prisma/migrations/20260625203000_add_payable_audit_workbench/migration.sql	4455	34a730521e8d33bc7d61a10d456ec045a6c3a6fd6db44e2caf8b374faa5ed924
apps/api/prisma/migrations/20260625214500_add_pending_payment_applications/migration.sql	5256	1e931781eb540939e76f1c625ddc0d6165fc0278d2ab2a2a5f1a1ff7bd812c40
apps/api/prisma/migrations/20260625225500_add_paid_payment_flow/migration.sql	1584	028003f8274fecff4bfe197f3fb9074dce55d3251e61d9cf448a56124b011036
apps/api/prisma/migrations/20260625233000_add_water_receipt_workbench/migration.sql	6445	c6a9099629262c7bbba2f129ee6b6c77df8260f44a5449ceb7d6c22105b99f75
apps/api/prisma/migrations/20260626012000_add_order_entry_receiver_fields/migration.sql	648	329b7191f5f21014c49596b9b8b9810da55b41c11869418d0a5b11880e042379
apps/api/prisma/migrations/20260626143000_add_order_entry_entry_at_and_product_catalog/migration.sql	219	6582518c5fdb2033a0b74e1093c2b5e322450b109817ebfd6498fc8c16b9b010
apps/api/prisma/migrations/20260626165000_add_warehouse_today_receipts/migration.sql	487	b0d2bc650ae440355722404e6fbc22b35f7207122c4d41f977193069defc599d
apps/api/prisma/migrations/20260626182000_add_review_restore_permissions/migration.sql	595	54be408aaa0a2ca9b30244402d383c69e1405e0863368cdf67a56219c6a258b6
apps/api/prisma/migrations/20260626203000_add_agent_master_data_fields/migration.sql	981	aa612f9d74c5ca4f29712e852c9b2dba4523c4e042f2eef55096a283e4a6f67b
apps/api/prisma/migrations/20260626211000_add_agent_channels/migration.sql	444	e6a48d99bb551fa88a2fa19032a6ab450857d73204eeffcf71578cfe6d020fff
apps/api/prisma/migrations/20260626224000_add_company_channel_rules/migration.sql	689	d50d89978396f382015089cc036fedfbea2d3db39500d90657c6418da4888213
apps/api/prisma/migrations/20260626231000_add_water_receipt_currency/migration.sql	78	109bf5e7ae0a9ed96f6bfdf6b7d66fdd3e095dadfc0cd59df281a4069f63c3a5
apps/api/prisma/migrations/20260626233000_add_channel_categories/migration.sql	652	7102eeb33a08c668468d11af279732ab29a3434a57bc4dedcc198fa570c0d37a
apps/api/prisma/migrations/20260626234500_add_sites/migration.sql	779	089b7769dbeda4a0b64c0cfe0e3f46bf6d5247fae5a23197026e26cd1e5d8c79
apps/api/prisma/migrations/20260627173000_add_order_fee_permissions/migration.sql	1125	8ca5c668a10f334ef10293d86d1a21f740c74ab541f7ec14b9ede7743173da1e
apps/api/prisma/migrations/20260628172000_add_warehouse_package_receipt_evidence/migration.sql	151	a53f6171ea8f249797f5407e1126c5a094950b545f3d398bdc2b6aa99a2e9a50
apps/api/prisma/migrations/20260628184500_add_warehouse_tally_tasks/migration.sql	1668	c821a5465d549fb3ff41bb7fd4f7978a68453ccd22f90dbb1b3aead2595b7c0d
apps/api/prisma/migrations/20260628203000_add_customer_contact_receivers/migration.sql	246	3f8f9af981824699d44879ee79bc04c280ac12253d08c18450535e93e8510685
apps/api/prisma/migrations/20260628213000_add_warehouse_tally_label_fields/migration.sql	431	4fb3cd00cc168fe77b6aa04aec7ca7b7da4dd4ceb442f29378554a06818ed153
apps/api/prisma/migrations/20260629103000_add_agent_bill_voucher_fields/migration.sql	338	19a4b25a8eef0d3cb23a72b3b11433c8a8bbcfb7480ef76e3bf632e83c48a237
apps/api/prisma/migrations/20260629113000_add_payment_voucher_transfer_no/migration.sql	59	d853a14ec0493ce57a90d3269fa842993afbf09096daa0b46f3a51bc371ffe09
apps/api/prisma/migrations/20260629123000_add_payment_voucher_difference_fields/migration.sql	412	c9ba81e77aa34b82994058d32a2a0ca2d0cbd444fb9d4669a97098c5f4feac76
apps/api/prisma/migrations/20260629133000_add_payment_voucher_extra_fee_fields/migration.sql	612	63ece035b1d29f80a65061d946ff208b791299208d7d690ed2ba480dd22e2a17
apps/api/prisma/migrations/20260629143000_add_payment_voucher_kuayue_fields/migration.sql	428	dd9e6bc076ab4b1cbc3674348a469a8cb8b0ca2f433980acb648f47e2974c849
apps/api/prisma/migrations/20260629165000_add_exchange_rate_end_at/migration.sql	60	7402c7d6955ae8b84061616a951cc561b82fa0bbe45414537d89c20a5e112c4e
apps/api/prisma/migrations/20260629183000_add_customer_source/migration.sql	57	e82f00a393f9f508e9cd992b6e0792e627e2791e4691240f905451933b396d42
apps/api/prisma/migrations/20260629194500_add_role_group_metadata/migration.sql	3923	c10baa742b87b1af9eaa0a441f40391a173929860804b5fd67e59262379e2cc2
apps/api/prisma/migrations/20260629223000_migrate_builtin_staff_to_role_groups/migration.sql	1502	8925d3cfeda4db30027a8dc4ac38359fccf22f2bee083366c2c2d971d768fdc8
apps/api/prisma/migrations/20260629234000_add_price_book_row_lookup_notes/migration.sql	129	a3b7089a7ea06d50b6e5ef3eac5f16c89ed900d0ab07a69b5fdc8ed49e35389f
apps/api/prisma/migrations/20260629235500_remove_yiyang_markup_rules/migration.sql	66	232c6a926775280bc84e1efd4f309775553a5b9fd49836d89702d48526f7da4e
apps/api/prisma/migrations/20260629235900_backfill_agent_level_markup_rules/migration.sql	766	45efda135ef7a8f2f2445c45a3051628572e8ec491ef6a089a46c876dae7d596
apps/api/prisma/migrations/20260702143000_restore_business_order_entry_permissions/migration.sql	1111	fa03e37afe6d3a506e3e418841e0f659686e97370707ce5864ec26fa9e8e8b24
apps/api/prisma/migrations/20260702172000_restore_market_routing_permissions/migration.sql	2181	e13d00c2a65d0d4d046b7c6d3b43fff4632cadeb8786641c47eb7f344f40a59c
apps/api/prisma/migrations/20260703003000_restore_business_master_data_write/migration.sql	997	97dcc845684887817634c4a7bd72a3efc2e661ad542a66da488d91f799021d8e
apps/api/prisma/migrations/20260703013000_grant_business_channel_read/migration.sql	1083	c1c8abd53052d162984b15ee9a886bc195854ff041371d3bd2725a5a07ef64c2
apps/api/prisma/migrations/20260703023000_split_master_data_permissions/migration.sql	4103	805c6b728cb6ae9c1f724afcdd513903b614a7b0dfedf2ba862ea629a9ffeb2e
apps/api/prisma/migrations/20260703033000_add_business_review_fields/migration.sql	130	a7e8f27679bb5599dd6cb37f2bc095aa182542493b7784e7fd9c1ca4833ae7f7
apps/api/prisma/migrations/20260703043000_limit_final_review_to_finance/migration.sql	693	bbc26b32819e9d9a40af9e653463b06873756d28f539d37c6e1208a80b7a4d72
apps/api/prisma/migrations/20260705150000_add_shipment_shipping_mark_required/migration.sql	89	c16ef923c27f9a1e1b1c0d76b4fb3acc1eb4680ca98ddd3228b70ac00c4bf6e2
apps/api/prisma/migrations/20260705162000_add_shipment_business_invoice/migration.sql	267	87aa84e4953518741da1afd56ae598052197fadefae5230ca0a022ad42451d5c
apps/api/prisma/migrations/20260706090000_agent_markup_workbench/migration.sql	643	4adaea320e8fce40b523d38fd45a6f6adaa7d51dfa1bc9dfa4df21b6bd68f397
apps/api/prisma/migrations/20260706170000_tally_label_apply_archive/migration.sql	966	e12034eeb72e589e952a85d82b75faef605d32418d7170f8110b77089fb3b927
apps/api/prisma/migrations/20260706193000_legacy_pricing_compat/migration.sql	1607	23899ff409db84e34f6072f132030d6ebf303cffc3d7d80ed6d6424ef8921aec
apps/api/prisma/migrations/20260706203000_customer_contact_fba_code/migration.sql	66	ee2812be0a01f63ba65b603c65cd40b578aa3f703a60f592f4ffeb76fa6b42f6
apps/api/prisma/migrations/20260707021000_pricing_lookup_indexes/migration.sql	814	d8491f179a915788f1459f7a9d98cd32eae56f07a65dbff77c86fa0f98f5d558
apps/api/prisma/migrations/20260707160000_price_book_import_jobs/migration.sql	806	d9853e7fcaa20aecbb13a92004af9793d4e288b020d69415db2e714f44330ab5
apps/api/prisma/migrations/20260707195000_legacy_pricing_line_lookup_indexes/migration.sql	393	d1c4c3143d1c483f0d3d71450d4c1f51f55547064b9c6f253beb569897bb43ff
apps/api/prisma/migrations/20260708113000_agent_markup_price_book_scope/migration.sql	316	2bd8a31db7536f393bfa75813a5abe1a497180a93156d6b7e57beeb472a2dc88
apps/api/prisma/migrations/20260708162000_south_africa_rate_rules/migration.sql	1760	43544d86b472a37da8e08db0dab36ef77c695076d3dc48d432fefddf2ae9485a
apps/api/prisma/migrations/20260709183000_agent_markup_legacy_module/migration.sql	461	62ba9b73273a3969e8cd852e68d38ee4fd6e53e8b0fc0d33a4f1a309db31bbe3
apps/api/prisma/migrations/20260709203000_price_book_agent_binding/migration.sql	236	b9ba08e7f5b3bad2f98dc379258878853dbd922ff696883b55b053423ae2c83e
apps/api/prisma/migrations/20260709210000_agent_created_at/migration.sql	92	af880e803212f48d3dcc6875229e84d6e27531ee928e9bcfc35d65ba822fda12
apps/api/prisma/migrations/20260709223000_agent_tracking_website/migration.sql	55	54b28fd1c8f3feb8cf8418332ed203a052fa19a38086c2555eb0e4bef89e1611
apps/api/prisma/migrations/20260712120000_separate_internal_logistics_tracking/migration.sql	922	05572a428b159a4bdf5de9a3293740ada8e7b15d873137a1df0d828cd43ff8b5
apps/api/prisma/migrations/20260712133000_order_entry_manual_cargo_data/migration.sql	201	88087c6178ce359d8330b0c20f73c8d45f1005d60f2cc247be4eda9c4c3a287d
apps/api/prisma/migrations/20260712143000_water_receipt_auto_match/migration.sql	199	d7f59ff78d8679ab663a00cb532708d8ca6222eff810416f6786f4f242194416
apps/api/prisma/migrations/20260713190000_problem_ticket_tags_history/migration.sql	923	f664620669bc19992afbe68d70efd1340b5ff53ff2484293ebc8438799638597
apps/api/prisma/migrations/20260713193000_user_module_read_states/migration.sql	858	8689121ca6c21f26f29f803906950a3a61189ec6f096acb6b47f638a243850bc
apps/api/prisma/migrations/20260713210000_dubai_price_display_images/migration.sql	1907	5f4fb0a37c750d49fef864872c2775ab0d398c63522e40e2569a9a2cf295a272
apps/api/prisma/migrations/20260714110000_agent_markup_chargeable_tiers/migration.sql	516	c52cf151262968adc16349a1cffb616e85a9b7ffa12bcb9259eaa87a6ab3a833
apps/api/prisma/migrations/20260714130000_agent_channel_custom_remarks/migration.sql	776	458530ad44db09ad0e0d647835497ff5a0f4baecaa4991fe1b73b0ecbd589c7e
apps/api/prisma/migrations/20260714130000_price_book_row_postal_rule/migration.sql	175	887b90b9d7ca44d8101f4ece8335e490f67db2be66a1e2608a4469c979b3ca25
apps/api/prisma/migrations/20260714140000_dubai_display_auto_activate_by_mode/migration.sql	1088	4a583de58230096474275cc7db7cb3c42273a72daa68025b8ccf256a11585dae
apps/api/prisma/migrations/20260714150000_backfill_function_permissions/migration.sql	90958	3c1a0f9d94212b6d9fac0a39c52f369826a25c5dc4e4259fb045037fb650bf41
apps/api/prisma/migrations/20260714160000_pricing_function_permissions/migration.sql	4762	7ed83e54839a1047666dd9c68be1a1bec3c8772b6e8a62f82d86560020f886a3
apps/api/prisma/migrations/20260714165000_preserve_operator_self_review/migration.sql	3676	03c973cd3b065784f4a15620d8a8ad97108066952aeebec1620619c6d77670c9
apps/api/prisma/migrations/20260714170000_remove_legacy_permission_keys/migration.sql	1809	7c6d94eaa78ad24c9c34b2094fb4bea6d55176570e2ac7590202c02397a82454
apps/api/prisma/migrations/20260715193000_price_book_rule_refresh/migration.sql	2391	96541a7b181b15e4d98e9bb61a8ceefd6e56fb45fb4a86d65bcdb6c38a6f14ec
apps/api/prisma/migrations/20260715200000_staff_account_department/migration.sql	1339	d84b0311393ca16f293b76cf74710b00b9e5c01b0d8d1bc66b7b37a8c0d3cf76
apps/api/prisma/migrations/20260716093000_warehouse_tally_remeasure_status/migration.sql	302	ef513be7380094213299ebeebbb554ac43884b5cae751ef5303dba51399cbd62
apps/api/prisma/migrations/20260716103000_grant_business_south_africa_rule_read/migration.sql	1364	2900eb1d342dd6888dffc18c9671b7bdbca78e4ca69210768ccf201007130275
apps/api/prisma/migrations/20260717113000_agent_settlement_cycle/migration.sql	200	3662be22358819bb46f2ee7dd52606368cfc9fc1fbbd86d1b3067f9710ad6922
apps/api/prisma/migrations/20260717160000_water_receipt_match_receivable_sources/migration.sql	858	033a446bd50fa2d919d39ae4ec6707c8101649c520471e958e67f6ce6f1437e1
apps/api/prisma/migrations/20260719090000_markup_route_lookup_indexes/migration.sql	461	144ad79430f447353aac4d86a627384854b8b40823f0c87778e3fbd533b7a71b
apps/api/prisma/migrations/20260719143000_normalize_warehouse_package_received_status/migration.sql	2670	307c39f54f813fff6ec58f719e0009d9d37a15beaf2964e2cf02a95818254f0f
apps/api/prisma/migrations/20260720203000_dubai_sea_markup_images/migration.sql	1662	ba0347be88f83cca3054de9cfc38b4a60d1c2997646f73a5063129c4e7542b76
apps/api/prisma/migrations/20260720223000_finance_agent_identity/migration.sql	2409	61c62bb69912996f65d0fb5eb79525d1bd84f3118fd127e6b647b4ed9557279d
apps/api/prisma/migrations/20260721123000_south_africa_cost_markup/migration.sql	1248	ab3b2d2bceefe827358cda5cac574c36c1d5f44ebef5a5c699eeec2453353cf7
apps/api/prisma/migrations/20260721220000_agent_warehouse_contacts/migration.sql	448	339d0c1c8a0ec35ff370bb1892ef74c8a75c869903019f59ce7ea0c0354d6a38
apps/api/prisma/migrations/20260722094000_seed_problem_ticket_common_tags/migration.sql	1421	d8937f2db8723234817765f78623f76edc45be642fe2f6a698030af7af0f0f71
apps/api/prisma/migrations/20260723173000_warehouse_tally_repeat_statistics/migration.sql	1469	d2c5de65c13d22180649132916b8b2599314fb4d74b4acd598b31a0f031bb020
apps/api/prisma/migrations/20260723213000_water_receipt_creator_scope/migration.sql	4217	0f280d5deabee21d67aba039f79d720acd3d622e5da47f2886a19c87d0479e89
apps/api/prisma/migrations/20260723223000_business_water_match_review/migration.sql	3149	c05353f1970b9d4290bb9942d048d44263c4c497aa8bfd062a7de88dd8e639b7
apps/api/prisma/migrations/20260723234000_receivable_audit_unlocks_matching/migration.sql	144	98f4667275ef69aa53da2e8fbcf133bd305c90af469bde066a8e94ea121c5160
apps/api/prisma/migrations/20260724113000_water_match_single_review_entry/migration.sql	1459	49b63d7e60c38d0a47f7650abf63a7f20e713c2ec83c1521d55bc2f7fe9d74ca
apps/api/prisma/migrations/20260724152000_payer_bank_accounts/migration.sql	1523	2036e1897f8053a81241af2234dea506a8c9844b920620cd34be4388ddf92850
apps/api/prisma/migrations/20260725113000_warehouse_rent_rules/migration.sql	2469	79452775e40a822e05315c06a7c67a91d6757691bf1b4c1fb32b9b59e98753fb
apps/api/prisma/migrations/20260727133000_warehouse_rent_selectable_units/migration.sql	389	600ff7883f10c5a1bfc9a465169c29c0d6bc6079637805859d77554bd80dabc0
apps/api/prisma/migrations/20260728213000_company_channel_reference_protected_delete/migration.sql	156	68857d15af021b3778a5e5d64c26ee9a633426adaa59dce4d3d30bf35fe580e8
apps/api/prisma/migrations/20260728234500_company_channel_optional_warnings_minimums/migration.sql	1646	8b2a8bc11cbe47221ba38f2a3877192b22576df98dc7951d9a054578c04c8578
apps/api/prisma/migrations/20260729013000_receivable_partial_allocation_permissions/migration.sql	1041	9defae560cf7f5a90b615556a7c6148958928ecda9154a36b79365db82431425
apps/api/prisma/migrations/20260729094500_mojia_request_samples/migration.sql	838	4e876b0e1c5c5d68ae816cdc6159aa5f8b48dd04224e5e80f5aa84845001b948
apps/api/prisma/migrations/20260729113000_misc_fee_domain_phase1/migration.sql	16295	8a3c6ef0140316a4d757ab074d322cf1cae7808ebeac48dae564d20dbc413aa9
apps/api/prisma/migrations/20260729144500_misc_fee_permissions/migration.sql	5780	24e140cc66a287e7a81322c067b1e0331b775aab358aa1e5c18e56b41de52110
apps/api/prisma/migrations/20260729173000_profit_settlement_warehouse_site_guard/migration.sql	172	d0d8e6c55a450eadb171da23bbbe0497b42cb5f39ff3f638fff11453b68b14ec
apps/api/prisma/migrations/20260729174500_profit_settlement_no_sequence/migration.sql	508	5fd5ff5333a29112f96df43033d9a304e068a4832fdfeefa24c21f2e284ca4f4
apps/api/prisma/migrations/20260729203000_misc_fee_payable_before_business_assignment/migration.sql	73	011a981092b1133e03e89f71795f745c02ac3329fd2a5669b13f8034206eb387
apps/api/prisma/migrations/20260729204500_misc_fee_business_payable_scope/migration.sql	681	886d21719404e77605a660f17d874f6634de1fc2f9ed444dffd45739e7249fb9
apps/api/prisma/migrations/20260730120000_misc_fee_tally_registration_permissions/migration.sql	531	adc2f181bd449f3ffa1d5a3d12b116a7b872c5d248b8d6fb340b0c92591a1373
apps/api/prisma/migrations/20260730120000_station_notifications_phase1/migration.sql	3854	62c556a1ff37687e7cdb1ecafafc84240f55896465e7f70c7eb210b45b06ec8c
apps/api/prisma/migrations/20260730160000_misc_fee_purchase_applicant_permissions/migration.sql	1679	a1a335ff0471a0e8d87de322af2a216b2b229215b408aa327c56d6a4c721eb52
apps/api/prisma/migrations/20260730193000_misc_fee_warehouse_profit_eligibility/migration.sql	1061	00802e1a1d38385ae7299693f4b0ebcd571d69ce34a620d6250cc5d8680996b6
apps/api/prisma/migrations/20260730223000_finance_profit_review_snapshot/migration.sql	3173	8798e8af37395794ae068abf47ba7a9526fd64e90486eca2d7e95560a060bcea
apps/api/prisma/migrations/20260730223000_station_notifications_phase2/migration.sql	1894	7102a03a830fc60d5ed2cd5e33215dd08a8333c6e478c1a6578dcc85b9a6d512
apps/api/prisma/migrations/20260731100000_notification_return_work_tasks/migration.sql	1736	5571840edabcb2c205fb7cf4bac157f447b2fee3d675f8b8b633bb27ad2b2c8c
apps/api/prisma/migrations/20260801093000_agent_price_book_default_remarks/migration.sql	1570	a1801b2a0200eeceb539fd7aa410915597e54d792da20e925c40ffb1efba62b6
apps/api/prisma/migrations/20260803213000_department_manager_order_entry_scope/migration.sql	282	f7145b7738542c83e810da211f18d614c349cc9ad6eeead71717b73d524d7776
apps/api/prisma/migrations/20260804000000_agent_invoice_template_slots/migration.sql	186	e2df3dd1128e04d2d8215dd68946c0f8d82e16152bce44f76d84950722a311d7
apps/api/prisma/migrations/20260804093000_optional_company_channel_carrier/migration.sql	566	815cb1e332e7dc1688973a6099f74fa107b70d03288bf1b41dda7d745402fa17
apps/api/prisma/migrations/20260804104500_add_finance_item_charge_unit/migration.sql	214	57d021d6a1264abe393b57cc93f5cbe9a31a69365d91f360f0e3fc6f4d40722b
apps/api/prisma/migrations/20260804105000_clear_legacy_auto_company_channel_carriers/migration.sql	860	eb81c1980b3bcf8d51053832222b7c9df5523af0ed853b168d1f805b91eb5620
apps/api/prisma/migrations/20260804123000_dynamic_agent_invoice_templates/migration.sql	776	5aac3edca0654a935c45e2f6fa267d64aa014bb26f32aa93e59adb591d01a3a8
apps/api/prisma/migrations/20260805090000_protect_admin_builtin_role/migration.sql	87	9855a075c313d2cbe9e307b567c69b3deee4e669a96afd5c8ca8941bfd39622b
apps/api/prisma/migrations/20260805170000_order_entry_business_cost_permissions/migration.sql	1072	314d74729b2d85de74cef0a7bc7f2e00f4fc3dee14983486e3c96e8c712c16b9
apps/api/prisma/migrations/20260805193000_customer_source_catalog/migration.sql	609	d989166fc7d224a1d69397d482934d92da9f5d433fad3645d0d2e81bfddd24ed
apps/api/prisma/migrations/20260805203000_shipment_multiple_product_names/migration.sql	430	5a3c58303e6b99bd4f036def4ef8a12cbd41f4927ffe45e06cb930a3cca62d4d
apps/api/prisma/migrations/20260806103000_shipment_warehouse_outbound_remark/migration.sql	66	e9fb0edb7b304ec607206d505bd5846326f0978b90c315d2aa8ee1ff487cdbf3
apps/api/prisma/migrations/20260806130000_yoyo_administrator_equivalent/migration.sql	2983	0c58abf26076c389bbf6aa20a46a4cbf5c4c5bec8e20aba659a87fb8ec83eecc
apps/api/prisma/migrations/20260807090000_water_receipt_cross_currency_match/migration.sql	540	2f27b9ec363448338c84ac1b7f80a2e593b5ac291bea057c44962c2cb3ba44f9
apps/api/prisma/migrations/20260808120000_business_cost_billing_units/migration.sql	299	4470a9bab449bf258c3c73dd838d88c31705458597c29f53f2d100fc9f9d28e7
apps/api/prisma/migrations/20260808120000_warehouse_dispatch_declaration_permission/migration.sql	474	01804f2f2876585e5e1fd1db424f4af4d961080f33aa18d30806eb813a701739
apps/api/prisma/migrations/20260808143000_user_table_preferences/migration.sql	716	956d54cf12bffac1adbd323ecce806cc61c496db642e495976d3a710c34f9e81
apps/api/prisma/migrations/20260809110000_add_shipment_stage_history/migration.sql	1224	8c0d28a3e3e147fee5f63d92fc336ee2bcdc4f194441407cbac3a7d4e82f6e78
apps/api/prisma/migrations/20260809143000_add_shipment_transport_time/migration.sql	3224	377c8eb72671782328be7d444539de77e8444727cdc3fbdee3147acac2f62400
apps/api/prisma/migrations/20260810120000_add_warehouse_tally_pending_mask_permissions/migration.sql	433	9e50d4a0f775fe81aab294c7dfcd7c99e7f4c79c669637edcd19096ea95fd8e9
apps/api/prisma/migrations/20260810121500_add_warehouse_tally_completed_mask_permissions/migration.sql	455	47171fabd0be0bbb6005a551c1846d3e2a6db075db3417a9fd36744863051c6d
apps/api/prisma/migrations/20260810140000_add_shipment_vessel_voyage/migration.sql	69	b24a44e077b5b511303c1a4744cce0e83c2d289ba57e9423d4b2fe85c809b542
apps/api/prisma/migrations/20260810150000_migrate_pending_payment_vouchers_to_applications/migration.sql	1411	3b61ffe9397f96dd155668ee2d2a8808d1cda5a5c9a59da7bcb6a8c914de455c
apps/api/prisma/migrations/20260810183500_finalize_pending_payment_voucher_migration/migration.sql	1838	fc94485cb23f41f4d2dcbdbadd3e8ef62ab2220fa925ba8394dbde36f18127d2
apps/api/prisma/migrations/20260810210000_repair_warehouse_completed_tally_mask_permissions/migration.sql	352	ed867826022cd64e4eb49d152eb76ca0981832a250875bb4f85d0832392f5a2c
apps/api/prisma/migrations/20260811110000_add_warehouse_tally_channel_progress/migration.sql	376	05ab01d0dc4c7eb62c550d7283c2662433da9725c2fa02cc55f6a3faedb9cfeb
apps/api/prisma/migrations/20260811111000_backfill_warehouse_tally_progress_status/migration.sql	130	02d7ef99da258ca8a455531307084b7b83f3760b6c68ebbd97fba03323de1768
apps/api/prisma/migrations/20260811130000_add_hang_settlement_method/migration.sql	682	35205c5344e9d35880dfa4b4bea1e18202c2f4f2237acb103419a46219c7c4cd
apps/api/prisma/migrations/20260811150000_add_warehouse_rent_mask_permissions/migration.sql	338	48be8c958eb6c6fee9143c5af3a1d1cf75542ed34d4a0866799591f586da98ce
apps/api/prisma/migrations/20260811160000_add_warehouse_tally_cancel_audit/migration.sql	141	e16af93371cd0de6030a9cfa91413236ea61e820c4c1a3076e0dae773ecf66e8
apps/api/prisma/migrations/20260812100000_add_line_shipment_stage_edit_permissions/migration.sql	2867	2825692180dada5d3fb17ad28cb5d57a504a6521f33df02bf7a75827d594b774
apps/api/prisma/migrations/20260812143000_customer_service_positive_permissions/migration.sql	1418	31f92203a7e1bce1797346872b45e58fe1cf798c15aec234f4235220a5c1bc9e
apps/api/prisma/migrations/migration_lock.toml	172	c84d57b272761458748a54810db2ddfd3109cc6baaeea529574244ee1a1ecc2a
apps/api/prisma/schema.prisma	67030	c5c8142c16feef8b4a706a10dec9e01a77a051f647f904da32de3c374f5dfbd6
apps/api/prisma/seed.ts	282	92527a5976ad8e2a233d66a7d07f3bd6aba47aba42333118ed7633f167dc5a10
apps/api/scripts/import-legacy-pricing.ts	7451	855cf71d4c80797cea3930294af5706c70903b3ebe1b9fcfdb1cf79e7c116c75
apps/api/src/configure-app.ts	1181	ace8cf884acf96f466224eee9da9e22256238dabafffd034a7b6f124ab443a77
apps/api/src/main.ts	381	837c2488880ab31eb571a2f65c48aeaf11a841c46929e18dce54df1cad9ff50e
apps/api/src/modules/ai.controller.ts	2743	f9a98edb161432762a68c4d68f2b70208907bb4e89e831a5b203e36de9705537
apps/api/src/modules/ai.service.ts	2816	17cbebd9456129a81a2c1e1e48df909f7139f6937ef12915276cebc683aecb0b
apps/api/src/modules/app.module.ts	22641	4d945f36639a73000954774736dc4524d8389d4e5f031e5ee05d6ee531c92fe2
apps/api/src/modules/audit.interceptor.ts	2880	a6a6d2130d9aea11aeda7650cad17dcd51d5ed036b2d743d784d55ca6c112f25
apps/api/src/modules/audit/http-audit.dispatcher.ts	1541	ba71656a774c00c937b3cafc7b85f375aaf9dd18d64be4dd2a4c501bc8e7a3e9
apps/api/src/modules/audit/http-audit.writer.ts	441	a8d40ef58c5db8b15084aa6bac1e7d030a43495753fa4907b9168a20c61c2f10
apps/api/src/modules/auth.controller.ts	10739	c7d19642df9e1d4c4a17c0d2bc0bbc9f0b65b4d31ee56fdb52418ba0612a1b77
apps/api/src/modules/charge-weight-change.ts	5000	1b61b08fb27fd0d7a7cd042e9b5960e863cf4d380bf2e0292d7608c14ef1b33e
apps/api/src/modules/customer-service/data-confirm/customer-service-data-confirm.controller.ts	4536	ce6b65f9e04089df6e9e4b5250dca6683cddfb4ba26f587246d059dc5e9531ca
apps/api/src/modules/customer-service/data-confirm/customer-service-data-confirm.policy.ts	4970	a8580e45db35d874d3b18e7658d439ba45a9396d4a5865de1adaef6d2b4ee456
apps/api/src/modules/customer-service/data-confirm/customer-service-data-confirm.repository.ts	1263	f7950318e5792efcaf676e54dc6b045f318b3d6008eb8ddeb717977994467844
apps/api/src/modules/customer-service/data-confirm/customer-service-data-confirm.service.ts	3840	2f0abd1922589935520deb934e34196372d6ee5fed39a6606f1d4823f35dde25
apps/api/src/modules/customer-service/problem-tag/problem-ticket-tag.controller.ts	1546	d5784add093f906c5d940dcdc89d7225dd7a78f58a3634f9edd8abdf09a84802
apps/api/src/modules/customer-service/problem-tag/problem-ticket-tag.policy.ts	941	74e9871f8a63fb3f579a13a6502f0f5f2231d415a7ec19ef90139a93d128d2bf
apps/api/src/modules/customer-service/problem-tag/problem-ticket-tag.repository.ts	628	fa5c445c13df213167485705706053cc710973e320b73b0f28708022c735b865
apps/api/src/modules/customer-service/problem-tag/problem-ticket-tag.service.ts	2131	24e65caffe267474a4495d1cb982003b449a38aa6d68cfc7efd08a6df7d220b8
apps/api/src/modules/customer-service/problem-ticket/problem-ticket-command.controller.ts	2317	d73633a5bba2a223e8c5936494abc9d2ecda5a5ce9f88b2c611f35e39717ce0c
apps/api/src/modules/customer-service/problem-ticket/problem-ticket-command.repository.ts	1110	afd0a7c4d6f0e1b56f0f8f539e643ed0118e52856340da9230def5b580ca0c16
apps/api/src/modules/customer-service/problem-ticket/problem-ticket-command.service.ts	2868	06ebb42bff3473fc4480e2d801bc5992f33734d6f0ea39ffa1bf6cd877d7e107
apps/api/src/modules/customer-service/problem-ticket/problem-ticket-query.legacy-repository.ts	617	5b92d998ec21af9900f296cc53568b4ab0a1737d6b766c55375de90b4499cbfa
apps/api/src/modules/customer-service/problem-ticket/problem-ticket-query.prisma-repository.ts	1831	984ab8176814f1a0cfed70439b9cfb03685a818288be799d125656a78f65ce98
apps/api/src/modules/customer-service/problem-ticket/problem-ticket-query.repository.ts	320	0b2384d41d979ae60df59c006d7d80ed9de82ce2894a2f86138d139496e759f5
apps/api/src/modules/customer-service/problem-ticket/problem-ticket-query.service.ts	495	7d564f52c5f2869c75d3ab62a45ffa5431844c941f17cc63907922c377be68a9
apps/api/src/modules/customer-service/query/customer-service-query.controller.ts	1071	5003afb1ab6b8648d6654c4f712325b219d213f7f320b3cab503c5aeda0fad62
apps/api/src/modules/data.controller.ts	114194	ca9d6bb20dbc15187f76ef764ca491989c0e6fb0c8d75b1f43df154564ed1e65
apps/api/src/modules/database-seed.service.ts	1342	0297424006ec3a1ba449928c56436c4920c6f6d83d4abf1b2a6a88bcaa8698f0
apps/api/src/modules/dubai-price-sheet-renderer.ts	16533	035b000799a2d509bbb2aebdfb72349465fbb7973d51dc6d44ad36221c6aa38d
apps/api/src/modules/finance-billing.ts	4854	bb4478baf559ecf02f6c4ccf46fcc83658b8c6755a8e77a9a18a5c34a68e9002
apps/api/src/modules/finance/business-cost/business-cost-audit-query.ts	3981	b175a14329a5d709f69ca542a1a009037b6a9c05018ecb4606cc7bb0df06419b
apps/api/src/modules/finance/catalog/finance-catalog.audit.ts	1676	251c23cdf4bb42eadab9302681c04ff11a4e79f0a445cac4cf9fb1a689d7f080
apps/api/src/modules/finance/catalog/finance-catalog.authorization.ts	418	26a04f0e0d563cf52f468d559534994c10132b31e07e3265e12ee3e23019d0cf
apps/api/src/modules/finance/catalog/finance-catalog.controller.ts	2199	b9b92d3571d8f5d93a6bf67b7ff85f17e77bd20b233d7066cece7a249fd26ce0
apps/api/src/modules/finance/catalog/finance-catalog.in-memory-repository.ts	3743	90efc40b426987e26df34465f7bee6ba65cb49c574f0a1f7d4b81e3317ced6ba
apps/api/src/modules/finance/catalog/finance-catalog.prisma-repository.ts	3570	f39554cceb8e29d6893a20978946e4fdec11aae2b05d8a5a82e8244cfdb9b688
apps/api/src/modules/finance/catalog/finance-catalog.repository.ts	1453	14749ad6c6398aacc3bb22094e21eee1014bebbf417846ee2040153b16ba8c88
apps/api/src/modules/finance/catalog/finance-catalog.service.ts	8915	d41a4cdecf0b8aaf94f3367329322ee3011e80ee290ebecfb638355bcd2b776d
apps/api/src/modules/finance/catalog/finance-catalog.types.ts	3403	cdbebbf73aa9c48c8e3581302722cf904092dc3d66e34cc2a548136c0f23916c
apps/api/src/modules/finance/misc-fee/delivery-settlement.ts	930	5f114cfac491b125e80a367a8d841686f14f2ddb8b4a31541d1de8070bb07378
apps/api/src/modules/finance/misc-fee/finance-profit-ledger.ts	6885	7a801c1fad9fcbf4b95599e52ead95e1d31a92e5bc0c06468d9203f83a95a05c
apps/api/src/modules/finance/misc-fee/market-profit-ledger.ts	3180	6a3984c7c9e8452a3eb0fe8d22c3f803e9cd3670da0266eb81c5f859bf8c8d66
apps/api/src/modules/finance/misc-fee/misc-fee.controller.ts	11693	0aac8dd59c2337955cb000e4b66695f016dcd9297bdba33102af5f132bd09569
apps/api/src/modules/finance/misc-fee/misc-fee.service.ts	6950	a365f8e3dfb8a38fd3444aa8be82db2a20d95d0c76ba5934071fc17d3bc00ad6
apps/api/src/modules/finance/misc-fee/warehouse-profit-ledger.ts	3079	3bf30c8b9629745125c79eea84e600e024c37315713bad27ba1ef42031daaece
apps/api/src/modules/finance/payer-bank/payer-bank-account.controller.ts	1405	dd91270825a79e806b489ce9fe9d1318f2805fbf10100dd14d639974fa23efdd
apps/api/src/modules/finance/payer-bank/payer-bank-account.repository.ts	6823	6fbea600f50c06e5dc687e64b9439103f77324494a2bfab5fad74fa01e8d774e
apps/api/src/modules/finance/payer-bank/payer-bank-account.service.ts	5849	a0027c4cf7f42fedcf7e624d182da03e4d236a64e810ecab96013880b9624b66
apps/api/src/modules/finance/receivable/finance-receivable.controller.ts	11961	2288bc746d08ecc340a8dec0627556fe0045a6ff59c73d8d9c9fb6544a3b794c
apps/api/src/modules/finance/receivable/finance-receivable.service.ts	3479	f3e148ce05275ff82ad11d831266dcd9cd3ead07543332985248e33b8f4a4b3d
apps/api/src/modules/finance/water-receipt/water-receipt-allocation.input.ts	3848	131952acb72044ff4acfa609ff6519b3b9a9b83ba8bdf425f518bc288aa4afa9
apps/api/src/modules/finance/water-receipt/water-receipt-allocation.repository.ts	1399	77e3d9dd524ca2d50da6b85feae01230a03bdb31b7793408d2abf9e3502d827d
apps/api/src/modules/finance/water-receipt/water-receipt-allocation.service.ts	1517	0f859e3bcbe5c6b3298e36b25d2cfd8089ce5eedc42b8110da7649697efd6093
apps/api/src/modules/finance/water-receipt/water-receipt-lifecycle.input.ts	4977	c63539631eee1426038679a044d7d10c64b9b654835555ee19fa9c57196e1f84
apps/api/src/modules/finance/water-receipt/water-receipt-lifecycle.repository.ts	1626	729bafae4609ebe5c651d776c6cdc4e60c5a6de2f3fef31c8b02aa3f2e2eabb8
apps/api/src/modules/finance/water-receipt/water-receipt-lifecycle.service.ts	2619	0b6dd2cabbc8b0be832e66463ca4ebdd6c35413eece066983a1e3026bac709a6
apps/api/src/modules/finance/water-receipt/water-receipt-match.policy.ts	3073	90f9fbba4e9d25897eb3df1002de2ca1c94b22f6ac1b9f8bf40311cf26acc59a
apps/api/src/modules/finance/water-receipt/water-receipt-view.policy.ts	4118	1b67f195838c321e05f8d0d4b03bfd470f0fa8afe77e57c3f1f0a92df922c9e5
apps/api/src/modules/health.controller.ts	1624	3aea39f7f092f017b2854a1c049ea99c7ff3f5ac1456f9c71bea04b80a75ea09
apps/api/src/modules/in-memory.repository.ts	1034471	549ec629e18cc8a671ce88808bc09ad72dd8ecf9dfdd911f9d5cc37165b25918
apps/api/src/modules/line-shipment-packages.ts	3661	dcc6286a3db2c7db02e7bae07e87d2652b826ea2784912401752e442d96bb86e
apps/api/src/modules/lineage-event-catalog.ts	26201	ffe85ab4d90c3130142910a6c2ec0f770eebb63c7dddefe8afcd7df17770e511
apps/api/src/modules/lineage-event-coverage.ts	21112	7c1da685c5c463ceeefaf5b0465f497d54ea75588a977271af4e4193a2b08c07
apps/api/src/modules/lineage-query.controller.ts	1719	55401c1dd1a319e47ab5e45947006d3db73a14335001a71e9dfcc9f246e4eaae
apps/api/src/modules/lineage-watcher.ts	28658	1e3c31908eb9d70d76662bbd2fbf30f9f03deea5cea8376fb6489f4134ba9066
apps/api/src/modules/load-local-env.ts	833	330550c197c7437b4fe8c115376d4dcf7baa31c6fde8a8953f6d5e28b3bec512
apps/api/src/modules/master-data-reference-query.controller.ts	1185	c10c894b31566c27dd581a119e142326b81061e5287776f71ab4688547b1875c
apps/api/src/modules/master-data/channel/master-data-channel-query.controller.ts	1293	3345319242c0a40c9fe7a5aa4a0b6ced8cf01a5e11cc998c7b6206f458fc22a4
apps/api/src/modules/master-data/master-data-read.repository.ts	10994	5e914bc554c547893ac822f6f013dbb19aa121fd68e5dc1f30b16236ffcf9000
apps/api/src/modules/notifications/notification-domain.ts	10316	9754255e17d407c197326f4c117219b013bce4eecee4b8ff47dc4f2904ab74a0
apps/api/src/modules/notifications/notification.controller.ts	4219	41fb8f0f01e1b281c3927aba09309ca28e0ad268c37a7795eb43f3f0f986f040
apps/api/src/modules/notifications/notification.service.ts	54397	b8057f86b2dc2d14bdcbe928e921e513e581cf2f926017edf7496905f2e3d029
apps/api/src/modules/notifications/notification.types.ts	3413	306868b996dca5f57aaa519a4057984a2bac042f03304565144a0bf5f7fcac50
apps/api/src/modules/operations/line-shipment/operations-line-shipment-query.controller.ts	1183	39899903e21b26d7f47023978c72d11a21ca836c9131632136e7efc2bdf4f38e
apps/api/src/modules/order-entry-charge-weight.ts	1544	acc8876d755c3ead68862fb0afb22a6d178af310ca91fe30948db4e678fd2080
apps/api/src/modules/password.ts	4818	40aae78250a69778ece10b560371e91f42aac3b04c50c414148dcf3ee6f199c8
apps/api/src/modules/pricing-excel.ts	154010	5dea5978dc8970a75ad10433c92a3fb3b5f532e5391304c252ff4a8cfee9412c
apps/api/src/modules/pricing-workbook-visibility.ts	889	9e2a3739fab88cbbf682ead94e1e3bd4f1b6e7e6c836b0c8716304e0ed80ecc5
apps/api/src/modules/pricing/agent-markup-query.shared.ts	22495	a89ac35a8640b098592cc26400a7e8cc104c936ae54e7f2d80fb63baa671c8e0
apps/api/src/modules/pricing/amazon-pricing.shared.ts	11197	53b700b33dfaf1995d33d13f07afb2c13d1628d1358897884ff376699412c8fd
apps/api/src/modules/pricing/dubai-pricing.shared.ts	3614	119ad1c09ce6b8fb986c22768c445b6ccc22bf8af9e49c9e157901c8e54c76ae
apps/api/src/modules/pricing/legacy-cargo-profile.shared.ts	2083	eb5b7773881269d5d04aadd8c316525dffc0d72829e1eeca72309b7f5465c36d
apps/api/src/modules/pricing/price-book/price-book-query.controller.ts	3890	4a5aea99cdeb5e67ca68311b4feccb1a531a15ca3a9807f99d8e3b14bb01926e
apps/api/src/modules/pricing/price-book/price-book-query.mapper.ts	3336	b37da5f1bb1411748d0a4bfaa3843c23503e8c2f8e064487bc9fc7620a45959e
apps/api/src/modules/pricing/price-book/price-book-query.repository.ts	3623	d0cd4d0fbb424cca030521b0c4803a6f676abf9c5a41772a49f604e3bda3d4bc
apps/api/src/modules/pricing/price-recommendation-display.shared.ts	1447	3690c06f87cf57c3fd2a4343d69ab673d0ee43a04fc9d27b1e6b4c6a12030962
apps/api/src/modules/pricing/pricing-rule-health.shared.ts	1475	b0e73eacc45db6e999fd561da3ee18a4a9059c8eef49709798cb8b6b114ac3c4
apps/api/src/modules/prisma.repository.ts	1654789	b3cff4e79442887157142c580d81c46b1d93fb168adbc56731e1611a993e4e4b
apps/api/src/modules/prisma.service.ts	265	f16ebd8f2f714990651164931f43e7b256762c0ee6c67d61ddc69cd8ab3b7233
apps/api/src/modules/problem-ticket-permissions.ts	801	66c009e60de1c15092906547c9a8c29bc163083565c57a698a933b3e3e08339e
apps/api/src/modules/rbac.guard.ts	3054	747644679f6da14be968268ae581505aba17c0a92bb7b3b170f23b3483498db5
apps/api/src/modules/rbac.ts	123593	8fae609fe21107c96caf82cc5b773e5dcec901540b224c275843e465041ece11
apps/api/src/modules/require-permission.decorator.ts	392	a1280746349b05898788e229f481221b3235143306f25c83791f0d2148cb6c34
apps/api/src/modules/runtime-input.pipe.ts	539	ee2a9263c2672ccaec87e8197023bd510b3f1b680edd1eb2986db2c9db13b7e6
apps/api/src/modules/seed.ts	32192	40e0a673a711cba92615da6b824a9da2818ad23916358782753b6fb5faa97392
apps/api/src/modules/shipment-stage-dwell.ts	4310	64506900a5ea86097eccde0a5370579e2cdf3ce50da86c7c43352208bacc914f
apps/api/src/modules/shipment/fulfillment/shipment-fulfillment-query.controller.ts	171	fd3e819ee08f228e9c90459a7ecf9653af50f0d3f89cfc77e3e135572ef1e898
apps/api/src/modules/shipment/fulfillment/shipment-label-file.storage.ts	2983	e0307a6f208a781269cc65fa40b0d276cf7d0c2f3250f338e286d64cf93a29a1
apps/api/src/modules/shipment/fulfillment/shipment-label-lifecycle.controller.ts	2685	4bd5b9555890310e3fd58d5d6527015d71bb750f6802f7f43a077625d1a62659
apps/api/src/modules/shipment/fulfillment/shipment-label-lifecycle.repository.ts	819	e5f36e5c7c6771c059d1710a2ff676f407dede1f21a207ef34903430204466e0
apps/api/src/modules/shipment/fulfillment/shipment-label-lifecycle.service.ts	3228	02d35661f7b2ebb50e0c8d102e52ee7c5ee4872e5c83e8eaa7c0fd4a88a9d295
apps/api/src/modules/shipment/invoice/shipment-business-invoice-file.storage.ts	2705	2e0661ebd4b774016615830ea2aa34efe657551e5d5413803f0da2c190c603a0
apps/api/src/modules/shipment/invoice/shipment-business-invoice.controller.ts	3078	24a93961edbbebd9b6f6867d3b8f4112c9c2b49c8aa0ccf7777d37ac540b419a
apps/api/src/modules/shipment/invoice/shipment-business-invoice.repository.ts	359	3ee5d64994beb80c7cda800296497da5886cbd41684e97786417cde76055f7c5
apps/api/src/modules/shipment/invoice/shipment-business-invoice.service.ts	2109	b256f3b9ce90565ecfecd19ffdeb21785f84cf22f5ca940ade01b0dd2b466c63
apps/api/src/modules/shipment/order-entry/order-entry-query.controller.ts	1521	45ae5f85af37474e14debc555b0d42204fac96de126ecf8ce893aaaf6adb7dc8
apps/api/src/modules/shipment/overview/shipment-overview-query.controller.ts	1401	05038d0c9e64f737ff9ce5fc922d11238844b0659bed3d85e2017a242a664999
apps/api/src/modules/system/directory/legacy-system-directory.repository.ts	635	0ad51adf11172959294bcb2c8637532c613721ef8dcf22910b568c2bab7ce65d
apps/api/src/modules/system/directory/system-directory.controller.ts	772	8edc8709e4b01e779f858494e2878a117f2c50661bd3c0931351d28d2eeda92a
apps/api/src/modules/system/directory/system-directory.repository.ts	1659	59ddee348e0dcab0e0eeecf8eaba4948c514cbde5a8b2d4d5374145f7408e96b
apps/api/src/modules/system/directory/system-directory.service.ts	570	7adba65161db8345d71d67966da83c1ab95e428ee76c1373533943f8cb58fcad
apps/api/src/modules/test-support/e2e-fixtures.ts	800	d1b8dc9abecd08e556be1d1aa3a786ce9f5ccdc6d7d6a475d85e9271dd0f2721
apps/api/src/modules/test-support/e2e-harness.ts	1674	613e327c70383da1b1abf97c8e2107b55157ee0d6e3dbb26fea3a0bb7f72e4b4
apps/api/src/modules/test-support/prisma-read-e2e-harness.ts	2118	5904237d3d58fc6c419b2cef03b09c23fd7325f4be90717a665eb888fd8ece80
apps/api/src/modules/tracking/event/tracking-manual-event-command.controller.ts	1259	0868ed1bd0a63233ca78fddd7bc85cc66bb043f4d0395b6488da9284d2619e43
apps/api/src/modules/tracking/event/tracking-manual-event-command.repository.ts	366	f78b5791aa3cde64b8720485d8dda86b21fb18b9026e0c9796436e6779fdbe91
apps/api/src/modules/tracking/event/tracking-manual-event-command.service.ts	872	2a3520fdd5591f9b2606b622182e471c65cb2c17d49847920fbf8183b49b0a2a
apps/api/src/modules/tracking/import/tracking-import-command.controller.ts	792	aca508cd01371bd8afd88f66f414e3e40fdeeb805d38e2348d6466d1a0e97692
apps/api/src/modules/tracking/import/tracking-import-command.repository.ts	410	14d71387f602d0645356163fadc341002f83fd5861591e9edba642fb254082d1
apps/api/src/modules/tracking/import/tracking-import-command.service.ts	1337	5bc5657eb4269f90c109cb50121539e5c4118c5fb981c437b8c9ed2157a1f333
apps/api/src/modules/tracking/query/legacy-tracking-query.repository.ts	551	3e9c6dc320fe0e01f458b1e94fe51ab75f91727dd4e057d84bd2a3d9b1026009
apps/api/src/modules/tracking/query/tracking-query.controller.ts	805	6740a3d5d9c4760db1d3f5c01b995a7a0d52cd2fff10b84c87e04f6ef01677f9
apps/api/src/modules/tracking/query/tracking-query.repository.ts	2001	3e665471f863625007f68a21bc509881b7ba7ad4cf72f8bc9dfebf0965b75878
apps/api/src/modules/tracking/task/carrier-task-command.controller.ts	1036	f3de60377103b09e3d6d57edeebdf994ea8e3acb33eef3c151eadc4d8b102f58
apps/api/src/modules/tracking/task/carrier-task-command.repository.ts	272	33b80ce02a1a695afa7f80f459f1ceed938367c9b1744fb40a8d4297ef5a6be4
apps/api/src/modules/tracking/task/carrier-task-command.service.ts	1039	1098bd75b8587b05623668d1bf8d5e452dbb6a088ddd801d24a841b47039ea79
apps/api/src/modules/tracking/tracking.shared.ts	1422	38cc302e9dac336510b43be56294480040ea34b54c9027f85160118b9e7c0b3d
apps/api/src/modules/user-table-preference.controller.ts	1003	f72a9a261f7d510e6cc42062a6dfc3034f2a51a7bdec93cad682da7d9a1abd22
apps/api/src/modules/user-table-preference.service.ts	5320	65ef02b764fd8e1e51d20fa26eb75340340cadd343dded7c1c8d526424cbc5f8
apps/api/src/modules/warehouse-device-site.ts	552	1b800f19bbd98a36d2ce3f5b66ad5343257664800c9995265c44a5aeba7a8528
apps/api/src/modules/warehouse-machine-import.ts	16658	c0f20d33482ef06e8c4d24658a6513879148d738508e01d02c1673e11a37ee10
apps/api/src/modules/warehouse-package-editability.ts	406	589f03165904100d3d63585e395b8504c0806ec36f835dc8a9ddc276a40e20fb
apps/api/src/modules/warehouse-rent.ts	10389	ae0785c3050ee1acce7a7dfeecf334999d9fc2b3e9d316d978ec93852739bac7
apps/api/src/modules/warehouse-tally-aggregate-correction.ts	4248	32f4b1cfd75f87df3a7b20eb4b8c122eab73a7d20d694eeda79c8c3320a6ba38
apps/api/src/modules/warehouse-tally-completed-count.ts	2578	967faa92042d1fcec3f04aed0f894c0f656bc93385af389fd45d5c06e1e1d998
apps/api/src/modules/warehouse-tally-label.ts	220	32f36679b7a1d9876e3925408a0f2bbf8774ace1993f5d09b102da7b8d9ee66e
apps/api/src/modules/warehouse-tally-physical-results.ts	1233	516a8cf6edad5faf2e630f662a742a02513a056bc89828f1f57608b1f6812f14
apps/api/src/modules/warehouse-tally-repeat-statistics.ts	7724	4bfd6bef0f32736129fd1e44830377ac4704e7ecfda7292170daf9a8e0b012a6
apps/api/src/modules/warehouse-tally-reverse-review.ts	86	bc85823a6274ed1db76eab7022f2bf297130ca4e70029cbbccf09fd5686f4012
apps/api/src/modules/warehouse-tally-task-number.ts	2603	817658bb94b3d47b109ec8462944674729abd245a71d443a4d5b969563858532
apps/api/src/modules/warehouse/dispatch/warehouse-dispatch-query.controller.ts	160	56992f0dfc7acbce432176da4906cb5288c4e6d81bb8afca1b45b0f731c831df
apps/api/src/modules/warehouse/dispatch/warehouse-dispatch.controller.ts	2249	35ffd7aa5df56cdb90941c75f52c33c05b4ec540865e9a16210551566d09f9d4
apps/api/src/modules/warehouse/dispatch/warehouse-dispatch.repository.ts	1065	88b4424ac69cf8b0707d25de78553e0300356d60a44d050d3b6cefc6a265fd5f
apps/api/src/modules/warehouse/dispatch/warehouse-dispatch.service.ts	2496	48b331b5adb859e2a86864e6aa4b19ae40e26e6c856b3af1cb462c080e7652d7
apps/api/src/modules/warehouse/inventory/legacy-warehouse-inventory-query.repository.ts	2225	ee09af944ddb796aea421817460b28f473b317281533e6b6fb27237db596c616
apps/api/src/modules/warehouse/inventory/test-support/warehouse-inventory-query.factory.ts	996	296758bec153a1288fed4517d74751a0c496707f63381711249d4b0aa3aff229
apps/api/src/modules/warehouse/inventory/warehouse-inventory-query.controller.ts	3061	4aef8f7b798c3f2b50baf91b88f715aa0259b44ce428484dcc24a6208bbea485
apps/api/src/modules/warehouse/inventory/warehouse-inventory-query.logic.ts	2007	a05fbf61257357218a958b70eae557068b8c96b4e429d583260763e641e8602a
apps/api/src/modules/warehouse/inventory/warehouse-inventory-query.repository.ts	9525	cce73566ab1178d457c772370c99a15dab056e1c59a56c9bed0197f336184cda
apps/api/src/modules/warehouse/inventory/warehouse-inventory-query.service.ts	1214	c9397f0d5ba98add45007a1e59e6b1cba1718a0b7eaa93d0a27ff857bb301fac
apps/api/src/modules/warehouse/package/warehouse-machine-import.controller.ts	1045	92df9263d674b6d99701e445a00fb01f42fbdb6d5a7202c37685a978239ba501
apps/api/src/modules/warehouse/package/warehouse-machine-import.repository.ts	545	6a547a0638b4e0fcc9dfcf17d0630cb14757ba5116b8a605382bd81c6a6eb15d
apps/api/src/modules/warehouse/package/warehouse-machine-import.service.ts	3608	41ca8f1ed4c40eb4fe93b21ed22076965c544407c5fd9bb86254165374900784
apps/api/src/modules/warehouse/package/warehouse-package-lifecycle.controller.ts	3503	9af29241b8adc6c024a1a3a58f26db3f602e959068266861f51a25456fa38ab5
apps/api/src/modules/warehouse/package/warehouse-package-lifecycle.repository.ts	758	e323ddd45864917e1a8f74552bf0bd7a74268818a282f2fd397f01ca6f33812f
apps/api/src/modules/warehouse/package/warehouse-package-lifecycle.service.ts	2642	11f57db0f4777d323a86412db0f81c713a6acb2d9482ad99d16ea03fbd972cb0
apps/api/src/modules/warehouse/rent/warehouse-rent.controller.ts	2582	c309e4c7a4e9e734c6c7d2492dcc143571615996321ed9cf15f952826f857d0b
apps/api/src/modules/warehouse/rent/warehouse-rent.repository.ts	658	9ab07e629abf5cc6c3c247c9b573397c5e51ed8a80a048a2a881bbcead43d39a
apps/api/src/modules/warehouse/rent/warehouse-rent.service.ts	1684	ef7c93cb2db0dcca14a2528f8f332583cb472d816904b50543034745de586783
apps/api/src/modules/warehouse/tally/legacy-warehouse-tally-query.repository.ts	1305	ebdfc1c3fa9b38049c7173cb4f662869efc799e47366e20b3547298b58c17030
apps/api/src/modules/warehouse/tally/test-support/warehouse-tally-query.factory.ts	2713	eff823c7627d62688d9678e32246f00000704f400484b09c1a20cdadf0fa9e82
apps/api/src/modules/warehouse/tally/warehouse-tally-correction.controller.ts	1304	c008a0de03ac32308309f4f5de9813fc175c0dfd69367ec5a00f73aef3365755
apps/api/src/modules/warehouse/tally/warehouse-tally-correction.repository.ts	599	d3176003d2fd8f506aebeb32e0ab9493644899a923ac8fa8ef2c82a422d7e660
apps/api/src/modules/warehouse/tally/warehouse-tally-correction.service.ts	970	a5e54cb29579450e59d5f04970142d2940221a81e544306372879973648216b0
apps/api/src/modules/warehouse/tally/warehouse-tally-label.controller.ts	1513	f8abab09472bf4ff8c713179f83c9b829620243832752848d4118be557f3a10f
apps/api/src/modules/warehouse/tally/warehouse-tally-label.repository.ts	608	9cdac23700c07057321d5dc5fbb9e796f151cf502bbaca87b46a5220ce291674
apps/api/src/modules/warehouse/tally/warehouse-tally-label.service.ts	1064	37b5893da2ad694f7ca26d2434a69cb282d1f913e62e59e262e245e9b4e6c907
apps/api/src/modules/warehouse/tally/warehouse-tally-lifecycle.controller.ts	3235	292b3e2aef5bc452f9f60f77a3f5682f314e251737e55cbbdccdde304f213a23
apps/api/src/modules/warehouse/tally/warehouse-tally-lifecycle.repository.ts	781	52c07dba65fd86bcf2b58703a9df0ae543fd1313188f3a58269a7625a33a56d1
apps/api/src/modules/warehouse/tally/warehouse-tally-lifecycle.service.ts	2233	994d378b3b2eef64384d67182e66fea769e528d4cbca98366d42121f3edcd3d7
apps/api/src/modules/warehouse/tally/warehouse-tally-operations.controller.ts	1603	36233b49662258d691205282adfba3351f62bfb76cd1cd736840871b0906de60
apps/api/src/modules/warehouse/tally/warehouse-tally-operations.repository.ts	662	583c2839136fac5aadd2304468c814d110f2c47f8e0e9c34e1d35c8265892c44
apps/api/src/modules/warehouse/tally/warehouse-tally-operations.service.ts	1745	e0dd2f6f916b7102db80b6990432e10d32dbb93f2975ada468dc2a43c79e0f75
apps/api/src/modules/warehouse/tally/warehouse-tally-query.controller.ts	1939	5d0e6f35fa409d8f12fe39207fdb4a5a87995af3a787016e756be1b9aa11dc0f
apps/api/src/modules/warehouse/tally/warehouse-tally-query.repository.ts	12616	00cb500a27778043a10d3c306aaef4adf48e39c33f27aaac4f923cec044c1251
apps/api/src/modules/warehouse/tally/warehouse-tally-query.service.ts	1278	0c631d5c681d188f4b8c13e94b6385e450644af6e571d7c222fa62a910a4e25b
apps/api/src/modules/warehouse/warehouse-domain.shared.ts	6867	19f5431541343f36ee8ec3645f6dd3152a3d2155c3a457a274b327622810e40c
apps/api/src/modules/warehouse/warehouse-query.shared.ts	13324	60a35acd44e4d8f5c5cde0b1555beb41cd7297e1c1a5be1621cc1b5a8eaee3ba
apps/api/tsconfig.json	399	7ca93e071516821963851f3144c12de2fa8a2d82bde95e169b3d0ebbee85664a
apps/web/eslint.config.js	1051	0207ae44db02572be75489ba3c94e4a2993b2bcb63533033b62ee42427fabc2d
apps/web/index.html	788	5f9322241a6a1cf98ef3b4ac56c5c142f7ee674eb9df73cb6716362d60ebb697
apps/web/package.json	1136	fac17d2e56d8cbfb033ff0ecfdb18d646b3673acde257208c0e513da67889e7a
apps/web/public/apple-touch-icon.png	21128	13f40b3e6456105a7ee41ae3f462b96adc84a226ff747b2b0b8b63bbd9b79936
apps/web/public/favicon.png	1976	64047afe6a36ccb713cb47d5e81598af4b2bbc7ce7e2bcca7df95dee6e346534
apps/web/public/green-cargo-logo.png	18969	8a8eb606138e1b0585943b339da101e03b118bade5e751d00576a058f99515c0
apps/web/public/green-cargo-logo.svg	16393	94e489a0b365f4b06b6b8b27bc737f2ffeecebe6ede79c364df9a21949d84a19
apps/web/scripts/apply-antd-typography-stability-patch.mjs	3096	97aad878d34cf350630a0feaf5bf9e39eea0f9bff328dfeed3c45e52a677e5b5
apps/web/src/App.tsx	155643	8671cb856615fc607b77e04d66afc2d6b3c7246323b18abcb73dd521ea829670
apps/web/src/api/appShellClient.ts	1063	10e9cba084eed54328d12c2cb4c45d23e04e18d8206944c372fa019c0ee01e10
apps/web/src/api/auditQueryClient.ts	1047	7e3c5b868322ab556649949047e1c6d676908e2fc6e01c899b6dfe33f993ebb9
apps/web/src/api/carrierTaskQueryClient.ts	357	4a595a591e84f0c5a4908bdea067d52e998652102fc1323e36fcff6f2fb4da30
apps/web/src/api/markupQueryClient.ts	1011	d5580ee2b55de26e6fe016ef2dceb52426e7e229c06ac9206056fa61d9717510
apps/web/src/api/priceBookQueryClient.ts	3066	5f71090f162744c527d7132be619cc89e415cb6fcb714a2a0c613a556539981e
apps/web/src/api/systemDirectoryClient.ts	1039	19f55f1d7299c7eff68c003e44f04ca6b9fa446dd6f5fee31e7a5c1900de6561
apps/web/src/api/warehouseQueryClient.ts	3702	57624fa8f0741b7830d4f98eaa35e5b45d8a2000703ce4e4eee0579291f71bcc
apps/web/src/apiClient.ts	115271	0a9eb35be95263e28d669b18eecd897da6d91450659997880a6818dab2ea1aa9
apps/web/src/appUpdate.tsx	8245	46b11bc9bcf6b8cd4998a890b6b98e36624e47ecb4263c796c2b1b468aed55d0
apps/web/src/data.ts	11506	a363c8aeb38b7a6dc9123b3b2c38369362407f4d48f2de04852412eebe297338
apps/web/src/main.tsx	471	0afb4d1d1bb2f32d508436c0e92b3f39626670d87ec325623fadff2a7a26cc56
apps/web/src/modules/appShell/AppPageBoundary.tsx	3385	729959c999fb700d6ef44856a525e4426234dec951b722b9d22a4787c042992c
apps/web/src/modules/appShell/StaffSidebar.tsx	5623	2aa7f61efc1681c33f4db5f72a3fe2c14b700d5d407f8b54c207d044dac42a9c
apps/web/src/modules/appShell/config.tsx	19549	ffb14dc65c6b1fed20852019d4f67804df9ac1cd4bc47191e331d41b8a2de479
apps/web/src/modules/appShell/moduleInitialSection.ts	1452	ac6447156e37c081af3d7bb14ccd0a6c77c5507e3131ba4e588619d1e4be7e7b
apps/web/src/modules/appShell/pageLoaders.tsx	790	f488c43fac447e73dfe8469916e67515243ed95df854a98c3afe283599055347
apps/web/src/modules/appShell/sessionStore.ts	833	666a43196b6e44a9986ac040f4f9d36c77c7fa5f2f3509b75171c37598df87cc
apps/web/src/modules/appShell/sidebarMenuState.ts	515	fe0f8ae153ad3174e9e323b80c337a66aefb35de3c53f4946420ba9a2c4d853d
apps/web/src/modules/appShell/staffRouteNavigation.ts	4382	473f04cae5c43d952483c91125d98251b4f4436183b6de9fb69f57003f47afba
apps/web/src/modules/appShell/staffSidebarNavigation.ts	4883	0aa76a58a6d93b785b5bce6aa99b18a26c9be07c9c4a82b030b2e4335658157b
apps/web/src/modules/appShell/useCurrentSessionRefresh.ts	2732	73b98d5952e0c3dc527a4cc97269736bfa4cdb05e2a1f71644f724bafc59390f
apps/web/src/modules/appShell/useNotificationNavigation.ts	2723	e6e22f83a01c9d5cda825f0884b34bedcd588cb1a59a00b05885e771a09e739a
apps/web/src/modules/appShell/utils.ts	7802	bc4c29d1e674d12c3b3c4cd17c1591d8e0c8ed442f79ce4350239cd15a868080
apps/web/src/modules/appShell/workspaceRefresh.ts	6345	df50a6036a90048ec3ca25a7fd1da75ce911abfc4aa5e49e6e5b5b3b542c4357
apps/web/src/modules/appShell/workspaceRefreshPolicy.ts	446	8b93791fae1a6db4818e5c7daeb686b440ea765ac23e9dfb61574c541c11612f
apps/web/src/modules/auth/LoginPage.tsx	5391	c13ca6154847792c35e56bb52034b78f2be790cd00cc39e0522b68e11e131393
apps/web/src/modules/customer/CustomerPortal.tsx	12058	d7ee9efc0c1e6072dae49223fd8f0b1300576262adcd93138217526f8c14e159
apps/web/src/modules/customerService/CustomerServicePage.tsx	177447	db7dadd8b19acf6a18109536a63d15dbffc0b0d358e5b901b807728cbc3b86d4
apps/web/src/modules/customerService/ProblemTicketCreateModal.tsx	11233	6a2a654cee3bf7d9c0c59276a1c4164095afbcbfd9c135f336743a798e092341
apps/web/src/modules/customerService/TrackingWebsiteLink.tsx	1610	62dd284ed60a073b828969aa8c2ebbd6a210f93187187f171beb4a25179d1b86
apps/web/src/modules/customerService/businessCostPreview.ts	1424	e0a8198f2e52a83af216f6956ac531ded9ce592f5c07c468cad0a46fb88f24e1
apps/web/src/modules/customerService/customerServiceNavigation.ts	490	c194f08ef1f1d8ef7f08a045434f42087956373845d7564fbd79f02efd36431a
apps/web/src/modules/customerService/problemReasonTags.ts	835	1490f22fc1e75fac5058eb6c794f4a0fa76ab815ac3d50660e5f36aea2e40d2d
apps/web/src/modules/finance/ChargeWeightChangeTag.tsx	1815	b6d4ab3580ca1816c01863c8f808e0d80bbc02f3c39ed8bf16bb423a68b59096
apps/web/src/modules/finance/FinanceCatalogPage.tsx	11397	e8384fd3ebc29b15239710ef9b963b0707dc2c1ca46fa7bd2708ffff95d3628e
apps/web/src/modules/finance/FinancePage.tsx	121118	4b9b019196358f999a8a8f702e8ee3af77c89c2754cf3c2adfde1085130fc062
apps/web/src/modules/finance/ProtectedVoucherImage.tsx	1099	ccf735101dcaa073e49063cc4203102824adcd5dd30915a54aa48889458ca428
apps/web/src/modules/finance/VoucherImageInput.tsx	5562	ebefd160c004f74a7802a8082c6b6ff2129defcd99ab8346cb2990d9ef60dd64
apps/web/src/modules/finance/agentBill/AgentBillPage.tsx	23094	3e6e92c1e42d7df5a45f95609ecbc4041bf94e5cd829da5a347e323f24dca2d4
apps/web/src/modules/finance/businessCostAudit/BusinessCostAuditPage.tsx	29259	d3b89435bf9d5cc9a7ac6e4ea753a4a8a814ab4afa5e7c7dd7a48b680c6fa0fa
apps/web/src/modules/finance/catalog.ts	3868	a2eec76fe2893527a8e6b0d29fd680fa192ecd365184e0b9a1f464dbcc0b5c13
apps/web/src/modules/finance/entry/FinanceEntryPage.tsx	109764	76ecf267ee1d68e0278b7da869051c7e2e5865d4dc2a4fabafd372bdfd075e30
apps/web/src/modules/finance/entry/countryStateOptions.ts	31805	67549b3eafbc0760b2659fe01eb4adfceda021f71a37a7c27a6ac311b3fa4ae0
apps/web/src/modules/finance/entry/entryModel.ts	239	ecdeb74c09513f8d62bd80aba13ab9c36ee221673c065bb2325433c7ae667fa6
apps/web/src/modules/finance/entryModel.ts	3718	b8d5fddc567b9cd5cbc1b1cf3f1daac12f72f15894c21b76e4072d14ed3c6b8d
apps/web/src/modules/finance/exportCsv.ts	882	5c53ee6f1917012f772c35b88c6860abfdf0a167faf4b4ded9f1ae47f2afba2b
apps/web/src/modules/finance/financeBusinessScope.ts	905	ea44c820bfa2608b5fb5105718cfda8f718498cc0c251477f5baa03d73d4de1b
apps/web/src/modules/finance/financeCatalogClient.ts	803	7253f76461aa9233a0d3d65dbe7b02a899d2949daff81b91ef239afa1be73a54
apps/web/src/modules/finance/orderFee/OrderFeePanel.tsx	47698	cf11ec1a8bec04df3c7af84939cfddd3f7a10bb3d43fcc44834db5bb450c54c6
apps/web/src/modules/finance/paidPayment/PaidPaymentPage.tsx	30894	6312de8ec2c7e36703d06a4a2fe78f879d896590240c7f089be9cfebee1fec71
apps/web/src/modules/finance/payableAudit/PayableAuditPage.tsx	32895	be46d2b94810114423de3fffc3f4f227b02f9cfd4738804ab4c2211baa38b945
apps/web/src/modules/finance/pendingPayment/PendingPaymentPage.tsx	33062	7c4075d4bfb4719514da69d84e8dce31f47529a59ffd6f68ec625fcf64955db0
apps/web/src/modules/finance/receivableAudit/ReceivableAuditPage.tsx	40733	159702189039f1afdb260b2ef961d00a34c36fef5338d6b64b26bcc15411500c
apps/web/src/modules/finance/useFinanceCatalog.tsx	6483	cf4c282dd73fcce15c690a4baea6754425c5a81014ef7e1ca25def86719e4af3
apps/web/src/modules/finance/useFinanceColumnSettings.css	749	e15eeabcdc1842d3af1f89ddb2a2371ac445191cf84e223be50b4363fedcc701
apps/web/src/modules/finance/useFinanceColumnSettings.tsx	5898	5a0d7549986943a1f77223d0a8a866dc59d0e269835b27b5acad03308b7c0404
apps/web/src/modules/finance/waterReceipt/WaterReceiptPage.tsx	78864	34695b7d54527e89e12b465b0896661a49232644a1d96aa58d62f0459efdbb7a
apps/web/src/modules/masterData/CustomerSourcesPage.tsx	7946	815adaefc4cb7ae525eb6c4a88757ad2982a6b7b92a14a7c92876671987052b2
apps/web/src/modules/masterData/MasterDataPage.tsx	168196	aed494b5ad6c7254c228baea5426c31723eaf7c1ec2eab01fad3fb5d91d87129
apps/web/src/modules/masterData/PayerBankAccountsPage.tsx	7606	f2992ba311183f69d6e5c5bf447a2d2d5360f0271d45378d5bbd6b83de673ddd
apps/web/src/modules/miscFees/MiscFeesPage.tsx	188551	a1ef1b6c814b1b71ce930fd213eab318d3478140a02f514dd7f2081c909a8e3e
apps/web/src/modules/miscFees/deliveryLedger.ts	1227	631be5b44ce18c156f04c0a95bf046c38fdd8ab435563597c03ab26ce4efd3db
apps/web/src/modules/miscFees/miscFees.css	7544	ebe7071efb8d1387eb5b00e5db6221f805a441154816adf1c4178392d4e85b72
apps/web/src/modules/notifications/NotificationCenter.tsx	30666	6ede508913500142a2d693397a3ca91d93466053b94e8aead43a938769d0b848
apps/web/src/modules/notifications/notificationTypes.ts	3413	306868b996dca5f57aaa519a4057984a2bac042f03304565144a0bf5f7fcac50
apps/web/src/modules/notifications/notifications.css	3295	d903d2ffd39b55b5661b8c733f21f5a10f5a7bec24749356aac528ed9894d979
apps/web/src/modules/operations/OperationsPage.tsx	60366	3f2378a4a9a665985bf310130bea70306f25eea385d9e52cb2c5981a049e8e02
apps/web/src/modules/orders/OrdersPage.tsx	46069	dd9c5ed77bdc8dc8b8a4f6806d9ce5e30579859d330941e29fae3e247d8b2a9f
apps/web/src/modules/orders/orderAgentPermissions.ts	600	65a2b413020b2224cea8242fab41f64405afab81b3f7ab974907deeb6c93bb91
apps/web/src/modules/orders/shipmentPackageExport.ts	2574	463bb19582e44b0bee8eb044509a4f3f492c0039aba669634253b962ca53dd17
apps/web/src/modules/pricing/MarkupRouteEditor.tsx	40297	5e873ebceb5b6b567bea17ff7ecd94101b5ac1fe425b6700856d2e58caba1671
apps/web/src/modules/pricing/PriceBookManagementStatus.tsx	3358	30efca961ba833c2c5df63ebd63b3f0b45c85bc19d203a8623c2db1848b61cef
apps/web/src/modules/pricing/PriceBookManagementToolbar.tsx	4767	e0947d5e38b327b0927be978bce4a1a9b8c2b7a97a95a581547caf71024be72b
apps/web/src/modules/pricing/PricingPage.tsx	204576	f849f98e995706eecb65b657eedd5171173f65cb1945a750c08c7ba6f34c193e
apps/web/src/modules/pricing/canadaPricingScope.ts	1137	5f8e28dfbd308ba4b5cc245e63c3c03a45d42a42072377b0e5d62b6b293ccd31
apps/web/src/modules/pricing/excel.ts	54854	a57ff45191e3be58afff4c47002a3dc4769e4dd2fa66244edcf2bbda0e814675
apps/web/src/modules/pricing/markupRuleLabel.ts	729	95b509f0177a1a9434aab74a3d42a380ea89f8b7a3bb5776f67192c1ada7b2b2
apps/web/src/modules/pricing/pricingMarkupWorkbench.css	6380	85a9824961ed4950abbb376433e8f69dc7cc3f392b4e0f9ca7e4794ebe2df85b
apps/web/src/modules/pricing/pricingPageDisplay.tsx	6787	3950f7140a5c612c293a742e1f6ba34010561aa942dcee017ee2695aa3a11ecb
apps/web/src/modules/pricing/pricingPageModel.ts	14725	8d397bf8e0d8fd4f9e8bc02747468bc1336ffad94b03f24b5d0a9687c98c594c
apps/web/src/modules/problemTickets/ProblemTicketsPage.tsx	9052	51142197adfe0724c97e3a1124b73f1a35ded508cf9a37bae22f5574267d91c1
apps/web/src/modules/problemTickets/problemTicketClient.ts	273	446c2461d30d42325e7428b08917e8ca44f9a39e2b663ef90f9ee177146371ac
apps/web/src/modules/reports/ReportsPage.tsx	17844	07981e290c786cf69d4097394514e9877f1f5a603a93c236c2dc53d3746c1c3b
apps/web/src/modules/routing/RoutingPage.tsx	86652	521df386e5a5ee36f8b4a6f27cba65b059a0c70d192833a927338b8499e7a0fd
apps/web/src/modules/routing/routingAgentDisplay.ts	795	e7675681760d70024c821dd13f2bed7aad836d8a62d078b91807a97dd870d1fd
apps/web/src/modules/routing/routingFeeCatalog.ts	860	72acb5382401e6e206f126c8eeac1bbd0cea041627536530af7e04d3f48c95ef
apps/web/src/modules/routing/routingFeeStatus.ts	288	73bc761356c634c84223fa596ccc4951b385a252f69520d5b9961656141d4876
apps/web/src/modules/routing/routingHistory.ts	1326	3b942702ba99255001a2871d81607c15c1027b54aa9388f5fbc2f370ac31d041
apps/web/src/modules/routing/routingPeriod.ts	1339	f2596c22954310140b722188f6ec41186fedaaad8882619689cc102fcedb0bce
apps/web/src/modules/routing/routingRoutedFilters.ts	1069	c900f7adf01452eedaec31a0927590c9e27b44052b3a93c25edc372b9e898636
apps/web/src/modules/settings/SettingsPage.tsx	170594	71f1920c55a10ac49e43a56dcf7ce4cd870f27abe6d4ef6a958a4facead2d5fc
apps/web/src/modules/settings/rolePermissionCatalog.ts	24023	58f6aa163409c12f652cf990d1f6f80f44dcf8d74c8fba73a6b7a45d7b0b02bb
apps/web/src/modules/settings/rolePermissionPresentation.ts	16323	de37f9ee8e0f169eab12c2ad67af2a4f44ab2f51b6dbf98bfa06a5c589f30654
apps/web/src/modules/settings/userGroupSiteOptions.ts	648	b3fce4dc6f68f833f07193b6309c52f9ff0eef7d8eea05b741f9bd06c29f8fc8
apps/web/src/modules/shared/ModuleSubWorkspace.tsx	4862	5e89f262428a251d457e2f61f6df792d6a8b7b31b271f31f4096a735318bd792
apps/web/src/modules/shared/PlaceholderPanel.tsx	281	523926781f6b2102db6eb3616f052f5a6b6de36eda7a8a995a1a5c1c6d5fbd49
apps/web/src/modules/shared/ShipmentRiskFlag.tsx	924	4273ecbea087507263a41907cc0f20f562e94717c6050240225338e71f2e7bc1
apps/web/src/modules/shared/WarehousePackageNoWithTallyStatus.tsx	2407	09c7fd6cc460f94a93481b0a9e79b12bafb5d0d74914d5c06825655c7692cd1c
apps/web/src/modules/shared/agentFieldLabels.ts	149	d78f1ffd80a6ac3547138c45a84dd83a96146366bb667d941efe9039615eb293
apps/web/src/modules/shared/agentIdentity.ts	717	dab8ed2bae068023abfcb6d1db809edf801056922332633b592fe639f958a744
apps/web/src/modules/shared/businessCostAccess.ts	386	593b941ad4aa5808c0169997de962e61a20ce9e72414c848ebcddfa0ea37b7fb
apps/web/src/modules/shared/customerDisplay.ts	486	ed0d7783528455d5789d1c599f15183bdab7afa4fe0f3b347c8b059986b9a70c
apps/web/src/modules/shared/dangerousAction.tsx	589	6ecff76713e276dc7f9c4793d2c654771c39eebebd068b92cb68b11153e96e0a
apps/web/src/modules/shared/excel.ts	4874	40fe3ecbc1944c40787dbdf7548a575b4af2313d1113d9623e30e6eb2e9b54d3
apps/web/src/modules/shared/format.ts	3694	a911788fc52632ae3bee95048f1dd2fada79259ffce7dc88f15c5024d68980de
apps/web/src/modules/shared/pendingRoutingColumns.tsx	18702	441b6b3a7c6162367f9e6b374e125a0abe225ab1ef7a486956d22d5f527ace6a
apps/web/src/modules/shared/shipmentOrderNo.ts	294	5a6cec5e276077f4c6d789970d8a1ca248ffa7edca7c523ab41a9ec69713398f
apps/web/src/modules/shared/shipmentStageDwell.ts	1233	ebf144fa3121e115776187cf09393c3306660e3094ba5602c4e7a5471523641f
apps/web/src/modules/shared/shipmentState.ts	231	b20f45806d710fbd5660ea7dc65823c32d4794bfc8b8ee8977831ae8be294a8f
apps/web/src/modules/shared/tablePreferences.ts	5135	1d802af4165c5ebd793ff4792f90670f9e992c22925639bad999e2e5342c37e3
apps/web/src/modules/shared/ui.tsx	97261	39144ec3a77221148635fea01afd3dc0704f1e50275697263e656249d901547b
apps/web/src/modules/testSupport/appTestHarness.tsx	341821	b79e7e754f72f2e75b2d7ea8ec7b65d852090741fa6cb351a31349086052c996
apps/web/src/modules/testSupport/fixtures/financeCatalogFixture.ts	4540	de282363036a12290d4ff1439bea9c1cbb3f8eb8db52779daf2c5c377edc9e85
apps/web/src/modules/tracking/TrackingPage.tsx	25094	a99f9a326e7807f436ed9c1acdd87aa70c93838dc611c0594e68c620c811574a
apps/web/src/modules/tracking/bulkImport.ts	3665	5f5530c655861052560b7ee77a49898545b70ec99cf78b136128922c9c2ec297
apps/web/src/modules/warehouse/WarehouseCompleteTallyModal.tsx	4980	2d9184eff925b7076ba703d3c028fda847ba8577c5229596757f1eff7e729a6c
apps/web/src/modules/warehouse/WarehouseCompletedTallyHistorySummary.tsx	1819	c411ff05dc74574375d88e9065efbd89e3a894f0d8f2e98d450d5295dfa1657d
apps/web/src/modules/warehouse/WarehouseCompletedTallyPanel.tsx	23692	9d8f284245b17c5c9044214da0adac3f2d5624e9f15e5f018154abd4b52675da
apps/web/src/modules/warehouse/WarehouseCreateTallyModal.tsx	1776	4923b65ab8370d27df8c483c333e25d2a873166b1fa028be1592345126d86182
apps/web/src/modules/warehouse/WarehouseMachineImportModal.tsx	9348	877cc811e1b1edb24df530465d84f6de88d23ce6e4f162b75d0127f6a3ded701
apps/web/src/modules/warehouse/WarehousePage.tsx	261159	eff3db5e7395654811cec910065fa8ae0855b319a2d61c95f39ee78f7c2064f4
apps/web/src/modules/warehouse/WarehouseRentDetailPanel.tsx	38822	b630fef49e034b3c1abde451bf4dcd3d72371736de9b57619f543ba708168c93
apps/web/src/modules/warehouse/WarehouseSplitTicketFields.tsx	2252	a3c92ebfe481131354d0566381b7d43bfbdadd57f37729e8750f993559f8974d
apps/web/src/modules/warehouse/WarehouseTallyHistoryChain.tsx	11135	e29de6f4f654f26ccb5fa522364c1ed756618cd4008dedd6f3dcb699c25f7a16
apps/web/src/modules/warehouse/tallyMergeSelection.ts	372	3f92410755be94a49b4ad143b88bcb059e3da0f8c2eb62d66f5a553d00b8e65a
apps/web/src/modules/warehouse/utils.ts	2975	e0386791b74450877122769fb1fdcc8b349d9c8a7655a3a2f34bf9418d1a9946
apps/web/src/modules/warehouse/warehouse-tally-print.ts	3639	eb238c9106c4a7e2a305ae9646eb1f6f72e393c3d79ddc3ec8ba82853bae53c1
apps/web/src/modules/warehouse/warehouseCompletedTallyHistory.ts	2278	b62a51ddc5414ebdfd5cf3abbfb1d0a4574af3f62a16cff517c0216c4fe142f9
apps/web/src/modules/warehouse/warehouseDeviceRemark.ts	1181	e2c44894695c9341255db0c5b42fcfaa3d5faf51ff4131d84bef40ce724627fa
apps/web/src/modules/warehouse/warehouseMachineExport.ts	6757	16dab61212b655054ee1a79313e1c2a35afbfdf9fa66ccbe81dc6c43a1bb0888
apps/web/src/modules/warehouse/warehouseMeasurementStatus.ts	854	3df8211fc9272cc1846b6f76853dbb45a50348c4fb371793dba5fe41be33a243
apps/web/src/modules/warehouse/warehousePageModel.ts	17098	07977b0ee011c0c272cdbb0c582b0c69862293ae35fab71d2c694795bc1658fd
apps/web/src/modules/warehouse/warehouseSameSpecPermission.ts	254	28374e59fda2521a3b04fedf1c5c7daa542a445bb64e2229aba6d31a8ce8c6d4
apps/web/src/modules/warehouse/warehouseSplitDraft.ts	1550	105dd72d2e242615a6c7861a9af06c4d13e43b5e9098e1cb3a1cae63bd61105c
apps/web/src/modules/warehouse/warehouseTallyOutputRows.ts	972	1a8933b02b3290bb2dc21a82155e9b3f9cfae9645d1bbd15139b80cde904ec91
apps/web/src/releaseInfo.ts	289	753d2ea206b3e238c7af397b0c7d32ead854447e689d0b6cf2215450a96a1a99
apps/web/src/styles.css	261488	f00b522729f91e6bdf259173b34d4faf585bd05fe763436dba6411f60ac0b8c5
apps/web/src/test-setup.ts	601	038e40caed18aebf294e45dd61fd3542ac7edae03745df81cfa7d4c7c37b87d9
apps/web/src/vite-env.d.ts	38	65996936fbb042915f7b74a200fcdde7e410f32a669b1ab9597cfaa4b0faddb5
apps/web/src/warehouseScanTestData.ts	5230	60892ae51be60d9ce9618bce169f07422f5e738a4c3deecead21483555f407b8
apps/web/tsconfig.json	205	cc37971baba6ba71712e934e429e2314b3ce88f8f51c44fe699435a3784b691c
apps/web/vite.config.ts	2570	93c30b74965b94f4ff807bbf95d6e7ea29fc2e025fe2bf2094a78b4599265da6
deploy/nginx.conf	1941	45c37fd942d49d5030b7c12f638d43495607c6a965babf017bd67ecf8e7dd839
docker-compose.yml	1935	db6154b6ecd22e0e17378f576c25fe230cb69dd457a0077404bac9b9d283b5b3
package-lock.json	324141	5f3ed245dc432ee781cf804c6f41a520c52caff6fd29121f8000e4dea837b55f
package.json	3825	c7d5fc6a70e82a668bd0c6148234ce25c617ab98c293c23f80b7dbd1048aefd1
packages/shared/package.json	684	a19fe11cd17bdc8c6f5e48dd1cd0879ec57487ef0567eff646280c134489013e
packages/shared/src/finance-catalog.ts	5085	4a670a40713d11b6186fd1dea15766b443740cb703f52805a6cc9cc70e8aff46
packages/shared/src/index.ts	189894	0378ed7642faefb174acffba2ad9490f2597e2c5e609356f445b8976a9a1b605
packages/shared/src/misc-fee-workflow.ts	3204	909cca9c6e15b79561f54075abe03986f6cb1ae711ed931db63714e12ab03319
packages/shared/src/pricing-rule-engine.ts	10923	c42706b8032ae7a07005d5502cd5a3f93b8d1662111e97e8ffa82b6dde3a7b70
packages/shared/src/problem-ticket.ts	937	08557332d77bef4c3ff6d706c843684c9440653a1a75fd67de1dad0be8cea061
packages/shared/src/warehouse.ts	18843	a8d3e227024810bbd5cbd473a019b195162ad44cc5baf065b446d9626828dfec
packages/shared/tsconfig.json	217	0a08ba6026610d93cea901f49d495714c992a372f078ef5f079fc3c5ab981a27
tsconfig.base.json	461	a4a453fe970d5aa661232fc5ebcb009ecd94a38f579fa9fb9f821370888bdbe2
